id,name,email,gender,status
8502223,Kiran Mehra,mehra_kiran@yost.example,female,active
8502221,Tara Saini IV,iv_saini_tara@homenick.test,female,inactive
8502219,Ganak Johar DVM,dvm_johar_ganak@vonrueden.test,female,active
8502218,Fr. Vaijayanthi Sinha,sinha_fr_vaijayanthi@will.example,male,inactive
8502217,Opalina Kaul,kaul_opalina@spencer.example,female,active
8502216,Leela Pothuvaal,leela_pothuvaal@quitzon.test,female,inactive
8502215,Shridevi Chaturvedi,chaturvedi_shridevi@kulas-gottlieb.example,female,active
8502214,Amrit Dhawan,amrit_dhawan@mitchell.example,male,inactive
8502213,Dulari Bharadwaj,dulari_bharadwaj@terry-bogan.example,male,active
8502212,Mrs. Bhagwanti Kaul,bhagwanti_mrs_kaul@nader.example,female,active
